{"stat.craftItem.340":4,"stat.craftItem.101":16,"stat.craftItem.102":16,"stat.useItem.359":1195,"stat.useItem.116":5,"stat.craftItem.61":9,"stat.leaveGame":1,"stat.mineBlock.13":25,"stat.mineBlock.18":4902,"stat.killEntity.PigZombie":4,"stat.mineBlock.17":1372,"stat.swimOneCm":23912,"stat.climbOneCm":122440,"achievement.buildWorkBench":16,"stat.craftItem.76":5,"achievement.ae2.ChargedQuartz":2,"achievement.exploreAllBiomes":{"value":0,"progress":["FrozenRiver","Aether","Extreme Hills+","Ice Plains","River","Extreme Hills","Hell"]},"stat.mineBlock.12":30,"stat.useItem.331":10,"stat.craftItem.364":2,"stat.useItem.338":1,"stat.craftItem.89":10,"stat.mineBlock.4":43,"stat.mineBlock.5":19,"stat.mineBlock.3":104,"achievement.botania:flowerPickup":104,"stat.killEntity.Enderman":1,"stat.mineBlock.116":5,"stat.craftItem.359":7,"stat.mineBlock.6":10,"stat.flyOneCm":324619,"stat.craftItem.351":30,"achievement.buildPickaxe":70,"stat.killEntity.Witch":3,"stat.killEntity.MushroomCow":1,"achievement.buildBetterPickaxe":70,"achievement.woodenGear":1,"stat.craftItem.301":1,"stat.craftItem.20":8,"achievement.coldBlooded":1,"stat.entityKilledBy.Blitz":1,"stat.killEntity.Creeper":2,"stat.killEntity.Blitz":21,"achievement.blueCloud":34,"stat.craftItem.35":6,"stat.craftItem.33":5,"achievement.freeFall":2,"achievement.buildSword":17,"achievement.mineWood":95,"stat.useItem.87":8,"stat.craftItem.47":6,"stat.useItem.89":11,"stat.useItem.82":7,"stat.craftItem.320":14,"stat.craftItem.41":3,"achievement.openInventory":1890,"stat.craftItem.42":1,"stat.craftItem.44":42,"achievement.killEnemy":75,"achievement.buildFurnace":9,"stat.craftItem.58":9,"stat.deaths":2,"stat.drop":9742,"stat.playOneMinute":1333898,"stat.craftItem.50":56,"achievement.oddlyFamiliar":1,"stat.craftItem.54":262,"stat.killEntity.Zombie":4,"stat.craftItem.305":1,"stat.diveOneCm":39432,"stat.craftItem.309":1,"stat.useItem.61":5,"stat.mineBlock.82":7,"stat.mineBlock.87":362,"stat.mineBlock.89":1,"stat.jump":3985,"achievement.stoneGear":1,"stat.fallOneCm":1943,"stat.breakItem.359":5,"achievement.killCow":12,"stat.craftItem.1":85,"stat.useItem.42":1,"stat.useItem.44":12,"stat.craftItem.5":4789,"stat.damageTaken":16210,"stat.mineBlock.61":2,"achievement.cfm_install":24,"stat.useItem.47":14,"stat.useItem.49":11,"stat.useItem.54":12,"stat.mineBlock.79":9,"achievement.enterAether":62363,"stat.useItem.50":111,"stat.damageDealt":21885,"stat.useItem.58":1,"stat.mineBlock.47":9,"stat.useItem.20":5,"stat.craftItem.263":79,"stat.mineBlock.49":1,"stat.craftItem.385":3,"stat.useItem.154":2,"stat.walkOneCm":2565030,"stat.craftItem.265":3504,"stat.craftItem.266":324,"stat.craftItem.267":3,"stat.craftItem.268":3,"stat.craftItem.381":8,"stat.blockChiseled":3113,"stat.mineBlock.42":1,"stat.mineBlock.58":1,"stat.craftItem.371":9,"stat.craftItem.257":33,"stat.craftItem.126":96,"stat.mineBlock.50":52,"stat.killEntity.Basalz":7,"stat.mineBlock.54":1,"stat.craftItem.283":3,"stat.killEntity.Skeleton":7,"stat.craftItem.280":1620,"stat.killEntity.Spider":9,"achievement.buildBetterFurnace":2,"stat.mobKills":179,"stat.mineBlock.20":241,"stat.useItem.10":1,"stat.useItem.6":127,"stat.useItem.12":31,"stat.useItem.385":1,"stat.craftItem.154":5,"stat.craftItem.155":4,"stat.useItem.4":161,"stat.useItem.5":19,"stat.useItem.3":197,"stat.useItem.17":2,"stat.useItem.18":2,"stat.useItem.13":41}