{"stat.craftItem.263":15,"stat.walkOneCm":307472,"stat.useItem.61":2,"stat.craftItem.61":1,"stat.blockChiseled":2052,"stat.killEntity.Creeper":1,"stat.mineBlock.58":1,"stat.mineBlock.13":17,"stat.mineBlock.18":705,"stat.mineBlock.17":203,"stat.jump":556,"stat.swimOneCm":4048,"stat.fallOneCm":1674,"stat.climbOneCm":22549,"achievement.buildWorkBench":3,"achievement.mineWood":23,"stat.craftItem.126":24,"stat.mineBlock.50":7,"achievement.exploreAllBiomes":{"value":0,"progress":["FrozenRiver","Extreme Hills+","Ice Plains","River","Extreme Hills"]},"stat.mineBlock.54":1,"stat.mineBlock.12":16,"stat.useItem.44":12,"achievement.openInventory":228,"stat.craftItem.5":748,"stat.craftItem.280":520,"stat.craftItem.44":12,"stat.damageTaken":790,"stat.mineBlock.4":26,"stat.mineBlock.3":60,"stat.mineBlock.61":1,"stat.mobKills":10,"achievement.cfm_install":1,"stat.useItem.54":4,"stat.flyOneCm":8051,"stat.useItem.6":23,"stat.craftItem.58":2,"stat.useItem.12":16,"stat.drop":8919,"stat.useItem.50":28,"stat.playOneMinute":136236,"stat.craftItem.50":28,"stat.useItem.4":54,"stat.craftItem.54":18,"stat.useItem.3":32,"stat.damageDealt":170,"stat.killEntity.Zombie":1,"stat.useItem.13":17,"stat.diveOneCm":14772,"stat.useItem.58":1}