{"stat.useItem.65":26,"stat.craftItem.263":3,"stat.walkOneCm":204709,"stat.craftItem.265":5,"stat.useItem.61":1,"stat.useItem.359":155,"stat.craftItem.61":1,"stat.craftItem.65":70,"stat.killEntity.Creeper":10,"stat.mineBlock.58":1,"stat.mineBlock.18":2154,"stat.mineBlock.17":267,"stat.swimOneCm":10461,"stat.jump":142,"stat.useItem.126":138,"stat.useItem.324":1,"stat.fallOneCm":6875,"stat.climbOneCm":13499,"achievement.buildWorkBench":9,"achievement.mineWood":31,"stat.craftItem.126":150,"stat.mineBlock.50":9,"stat.craftItem.324":1,"stat.craftItem.325":1,"achievement.exploreAllBiomes":{"value":0,"progress":["ForestHills","Forest"]},"stat.mineBlock.54":1,"stat.killEntity.Skeleton":5,"achievement.openInventory":196,"stat.craftItem.5":999,"stat.craftItem.280":76,"stat.damageTaken":1050,"stat.mineBlock.4":11,"stat.killEntity.Spider":12,"stat.mineBlock.5":17,"stat.mineBlock.3":56,"stat.killEntity.Enderman":3,"stat.mobKills":41,"stat.craftItem.359":1,"achievement.cfm_install":2,"stat.mineBlock.6":4,"stat.useItem.8":1,"stat.useItem.54":5,"stat.useItem.6":46,"stat.craftItem.58":6,"stat.flyOneCm":5426,"stat.useItem.50":17,"stat.drop":932,"stat.playOneMinute":142029,"stat.craftItem.50":12,"stat.useItem.4":11,"stat.useItem.5":166,"stat.craftItem.54":5,"stat.useItem.3":52,"stat.damageDealt":2575,"stat.killEntity.Zombie":10,"stat.mineBlock.126":13,"stat.useItem.17":10,"stat.diveOneCm":39059,"stat.useItem.58":1}