{"stat.craftItem.340":4,"stat.craftItem.101":16,"stat.craftItem.102":16,"stat.useItem.359":1452,"stat.useItem.116":5,"stat.craftItem.61":41,"stat.leaveGame":1,"stat.mineBlock.13":25,"stat.mineBlock.18":5417,"stat.killEntity.PigZombie":4,"stat.mineBlock.17":1478,"stat.swimOneCm":34299,"stat.climbOneCm":202946,"achievement.buildWorkBench":16,"stat.craftItem.76":5,"achievement.ae2.ChargedQuartz":3,"achievement.exploreAllBiomes":{"value":0,"progress":["FrozenRiver","Aether","Extreme Hills+","Ice Plains","River","Forest","Extreme Hills","Hell"]},"achievement.botania:daybloomPickup":5,"stat.mineBlock.12":43,"stat.craftItem.361":38,"stat.useItem.331":10,"stat.craftItem.362":128,"stat.craftItem.364":2,"stat.useItem.338":1,"stat.craftItem.89":14,"stat.mineBlock.4":43,"stat.mineBlock.5":19,"stat.mineBlock.3":249,"achievement.botania:flowerPickup":104,"stat.killEntity.Enderman":1,"stat.mineBlock.116":5,"stat.craftItem.359":9,"stat.mineBlock.6":11,"stat.flyOneCm":620426,"stat.craftItem.351":30,"achievement.buildPickaxe":70,"stat.killEntity.Witch":3,"stat.killEntity.MushroomCow":1,"achievement.buildBetterPickaxe":70,"achievement.woodenGear":1,"stat.killEntity.EntityFluidCow":8,"stat.craftItem.301":1,"stat.craftItem.20":72,"achievement.coldBlooded":3,"stat.entityKilledBy.Blitz":1,"stat.killEntity.Creeper":6,"stat.killEntity.Blitz":23,"achievement.blueCloud":34,"stat.craftItem.35":6,"stat.craftItem.33":7,"achievement.freeFall":5,"achievement.buildSword":17,"achievement.mineWood":103,"stat.useItem.87":29,"stat.craftItem.47":6,"stat.useItem.89":11,"stat.useItem.82":30,"stat.craftItem.320":14,"stat.craftItem.41":19,"achievement.openInventory":3091,"stat.craftItem.42":43,"stat.craftItem.44":60,"stat.entityKilledBy.Creeper":1,"achievement.killEnemy":102,"achievement.buildFurnace":73,"stat.craftItem.58":9,"stat.deaths":9,"stat.drop":10192,"stat.playOneMinute":2233894,"stat.craftItem.50":56,"stat.killEntity.Sheep":1,"achievement.oddlyFamiliar":1,"stat.craftItem.54":277,"stat.killEntity.Zombie":7,"stat.craftItem.305":1,"stat.diveOneCm":50179,"stat.craftItem.309":1,"stat.useItem.61":5,"stat.mineBlock.82":431,"stat.mineBlock.87":362,"stat.mineBlock.89":1,"stat.craftItem.297":32,"stat.jump":6326,"achievement.stoneGear":1,"stat.fallOneCm":30589,"stat.breakItem.359":6,"achievement.killCow":16,"stat.craftItem.1":91,"stat.useItem.42":1,"stat.useItem.44":12,"stat.craftItem.5":5109,"stat.damageTaken":73109,"stat.mineBlock.61":2,"achievement.cfm_install":38,"stat.useItem.47":14,"stat.useItem.49":11,"stat.useItem.54":15,"stat.mineBlock.79":11,"achievement.enterAether":89406,"stat.useItem.50":128,"stat.damageDealt":23290,"stat.useItem.58":1,"stat.mineBlock.47":9,"stat.useItem.20":5,"stat.craftItem.263":79,"stat.mineBlock.49":1,"stat.craftItem.385":3,"stat.useItem.154":8,"stat.walkOneCm":4099575,"stat.craftItem.265":5052,"stat.craftItem.266":474,"stat.craftItem.267":3,"stat.craftItem.268":3,"stat.playerKills":1,"stat.craftItem.381":8,"stat.blockChiseled":3208,"achievement.botania:lexiconUse":1,"stat.mineBlock.42":1,"stat.mineBlock.58":1,"stat.craftItem.371":72,"stat.craftItem.257":33,"stat.craftItem.126":96,"stat.mineBlock.50":63,"stat.killEntity.Basalz":8,"stat.mineBlock.54":1,"stat.craftItem.283":3,"stat.killEntity.Skeleton":8,"stat.craftItem.280":1748,"stat.killEntity.Spider":10,"achievement.buildBetterFurnace":6,"stat.mobKills":233,"stat.mineBlock.20":241,"stat.useItem.10":2,"stat.craftItem.152":13,"stat.useItem.383":1,"stat.useItem.6":132,"stat.useItem.12":44,"stat.useItem.385":1,"stat.craftItem.154":9,"stat.craftItem.155":4,"stat.useItem.1":24,"stat.useItem.4":197,"stat.useItem.5":19,"stat.useItem.3":283,"stat.useItem.17":8,"stat.useItem.18":3,"stat.useItem.13":75}